Const,Title,Original Title,URL,Title Type,IMDb Rating,Runtime (mins),Year,Genres,Num Votes,Release Date in Italy,Directors,Banning Date,Rerating,Sex and Nudity,Violence and Blood,Obscenity,"Alcool, Drugs and Smoking",Scary scenes
tt0073650,Salò o le 120 giornate di Sodoma,Salò o le 120 giornate di Sodoma,https://www.imdb.com/title/tt0073650/,Film,5.8,117,1975,Drammatico,67610,1/10/1976,Pier Paolo Pasolini,1975,VM18,Grave,Grave,Grave,Leggera,Grave
tt0078935,Cannibal Holocaust,Cannibal Holocaust,https://www.imdb.com/title/tt0078935/,Film,5.8,95,1980,"Avventura, Horror",62975,2/7/1980,Ruggero Deodato,1980,"VM18, Cut, VM14",Grave,Grave,Moderata,Moderata,Grave
tt0051554,Dracula il vampiro,Dracula,https://www.imdb.com/title/tt0051554/,Film,7.2,82,1958,"Drammatico, Horror",28940,12/20/1958,Terence Fisher,1958,"VM16, Cut",Nessuna,Moderata,Nessuna,Leggera,Moderata
tt0070849,Ultimo tango a Parigi,Ultimo tango a Parigi,https://www.imdb.com/title/tt0070849/,Film,6.8,129,1972,"Drammatico, Sentimentale",59613,12/16/1972,Bernardo Bertolucci,1972,"VM18, Cut, VM14",Grave,Moderata ,Grave,Leggera,Moderata
tt0068473,Un tranquillo weekend di paura,Deliverance,https://www.imdb.com/title/tt0068473/,Film,7.7,109,1972,"Avventura, Drammatico, Thriller",121833,11/17/1972,John Boorman,1972,"VM18, VM14, Cut",Grave,Grave,Moderata,Leggera,Grave
tt0022913,Freaks,Freaks,https://www.imdb.com/title/tt0022913/,Film,7.8,64,1932,"Drammatico, Horror",51800,2/20/1932,Tod Browning,1932,Cut,Nessuna,Leggera,Nessuna,Leggera,Moderata
tt0055824,Il promontorio della paura,Cape Fear,https://www.imdb.com/title/tt0055824/,Film,7.7,106,1962,"Drammatico, Thriller",32646,10/30/1962,J. Lee Thompson,1962,"VM18, VM14, Cut",Leggera,Moderata,Nessuna,Leggera,Moderata
tt0069089,Pink Flamingos,Pink Flamingos,https://www.imdb.com/title/tt0069089/,Film,6.0,93,1972,"Commedia, Poliziesco",28722,3/31/1976,John Waters,1983,,Grave,Grave,Grave,Moderata,Grave
tt0071508,Il mostro è in tavola... barone Frankenstein,Flesh for Frankenstein,https://www.imdb.com/title/tt0071508/,Film,5.8,95,1973,"Horror, Fantascienza",7159,3/14/1975,"Paul Morrissey, Antonio Margheriti",1974,"VM18, Cut, VM14",Moderata,Grave,Leggera,Leggera,Moderata
tt0071359,Racconti immorali,Contes immoraux,https://www.imdb.com/title/tt0071359/,Film,5.6,103,1973,"Drammatico, Sentimentale",5747,8/28/1974,Walerian Borowczyk,1975,"VM18, Cut",Grave,Moderata,Leggera,Leggera,Leggera
tt0024894,The Black Cat,The Black Cat,https://www.imdb.com/title/tt0024894/,Film,6.9,65,1934,"Poliziesco, Horror, Sentimentale, Thriller",13426,5/7/1934,Edgar G. Ulmer,1935,Cut,Nessuna,Leggera,Nessuna,Leggera,Moderata
tt0040746,Nodo alla gola,Rope,https://www.imdb.com/title/tt0040746/,Film,7.9,80,1948,"Poliziesco, Drammatico, Giallo, Thriller",157448,11/17/1956,Alfred Hitchcock,1949,"VM16, Cut, VM18, VM16",Nessuna,Leggera,Nessuna,Leggera,Moderata
tt0062776,Candy e il suo pazzo mondo,Candy,https://www.imdb.com/title/tt0062776/,Film,5.1,124,1968,"Avventura, Commedia, Fantastico",3735,2/5/1970,Christian Marquand,1968,"VM18, VM14, Cut",Moderata,Leggera,Nessuna,Leggera,Leggera
tt0071650,Ilsa la belva delle SS,Ilsa: She Wolf of the SS,https://www.imdb.com/title/tt0071650/,Film,5.1,96,1975,"Drammatico, Horror, Thriller, Guerra",8339,10/1/1975,Don Edmonds,1976,"VM18, Cut",Grave,Grave,Moderata,Leggera,Grave
tt0046911,I diabolici,Les diaboliques,https://www.imdb.com/title/tt0046911/,Film,8.1,117,1955,"Poliziesco, Drammatico, Horror, Giallo, Thriller",70515,10/31/1956,Henri-Georges Clouzot,1955,"VM16, Cut",Leggera,Leggera,Leggera,Leggera,Moderata
tt0058401,La doppia vita di Dan Craig,Night Must Fall,https://www.imdb.com/title/tt0058401/,Film,6.5,101,1964,"Poliziesco, Thriller",984,4/22/1964,Karel Reisz,1964,VM18,,,,,Moderata
tt0020629,All'ovest niente di nuovo,All Quiet on the Western Front,https://www.imdb.com/title/tt0020629/,Film,8.1,152,1930,"Drammatico, Guerra",68748,3/14/1956,Lewis Milestone,1953,Cut,Leggera,Grave,Leggera,Leggera,Grave
tt0031679,Mr. Smith va a Washington,Mr. Smith Goes to Washington,https://www.imdb.com/title/tt0031679/,Film,8.1,129,1939,"Commedia, Drammatico",123295,4/5/1947,Frank Capra,1939,,Nessuna,Leggera,Leggera,Leggera,Leggera
tt0075163,Salon Kitty,Salon Kitty,https://www.imdb.com/title/tt0075163/,Film,5.4,129,1976,"Drammatico, Guerra",5149,3/2/1976,Tinto Brass,1975,"VM18, Cut, VM14",Grave,Grave,Grave,Moderata,Grave
tt0067690,La vestale di Satana,Les lèvres rouges,https://www.imdb.com/title/tt0067690/,Film,6.5,87,1971,Horror,7303,11/25/1971,Harry Kümel,1971,VM18,Moderata,Moderata,Nessuna,Leggera,Leggera
tt0070013,L'isola delle demoniache,Les démoniaques,https://www.imdb.com/title/tt0070013/,Film,5.0,77,1974,Horror,1634,12/5/1974,Jean Rollin,1974,VM18,Grave,Moderata,Leggera,Leggera,Moderata
tt0023427,Scarface - Lo sfregiato,Scarface,https://www.imdb.com/title/tt0023427/,Film,7.7,93,1932,"Azione, Poliziesco, Drammatico, Noir, Thriller",31102,4/9/1932,"Howard Hawks, Richard Rosson",1946,Cut,Nessuna,Moderata,Moderata,Leggera,Moderata
tt0037549,La jena: L'uomo di mezzanotte,The Body Snatcher,https://www.imdb.com/title/tt0037549/,Film,7.3,78,1945,"Horror, Thriller",10554,4/9/1951,Robert Wise,1949,"VM16, Cut",Nessuna,Leggera,Nessuna,Leggera,Moderata
tt0062979,Flesh,Flesh,https://www.imdb.com/title/tt0062979/,Film,5.7,89,1968,Drammatico,2644,5/27/1970,Paul Morrissey,1970,VM18,Grave,Nessuna,Moderata,Leggera,Nessuna
tt0071992,Questo sesso ribelle,Pets,https://www.imdb.com/title/tt0071992/,Film,5.7,89,1973,Drammatico,761,4/10/1975,Raphael Nussbaum,1974,"VM18, Cut",Leggera,Moderata,Moderata,Nessuna,Nessuna
tt0066482,Trash - I rifiuti di New York,Trash,https://www.imdb.com/title/tt0066482/,Film,6.1,110,1970,Drammatico,2923,2/18/1971,Paul Morrissey,1972,VM18,Grave,Moderata,Grave,Moderata,Nessuna
tt0069957,Gola profonda,Deep Throat Part II,https://www.imdb.com/title/tt0069957/,Film,3.6,93,1974,"Commedia, Fantascienza",739,12/6/1975,Joseph W. Sarno,1975,"VM18, Cut",Moderata,Nessuna,Leggera,Leggera,Nessuna
tt0081059,Il leone del deserto,Lion of the Desert,https://www.imdb.com/title/tt0081059/,Film,8.2,173,1980,"Biografico, Drammatico, Storico, Guerra",17787,5/16/1981,Moustapha Akkad,1982,VM14,Nessuna,Moderata,Nessuna,Leggera,Moderata
tt0063032,Il grande silenzio,Il grande silenzio,https://www.imdb.com/title/tt0063032/,Film,7.7,105,1968,"Drammatico, Western",18594,1/27/1969,Sergio Corbucci,1968,"VM18, Cut",Moderata,Grave,Leggera,Moderata,Grave
tt0028950,La grande illusione,La grande illusion,https://www.imdb.com/title/tt0028950/,Film,8.1,113,1937,"Drammatico, Guerra",39517,12/10/1947,Jean Renoir,1938,Cut,Nessuna,Leggera,Leggera,Leggera,Nessuna
tt0167886,Il demonio,Il demonio,https://www.imdb.com/title/tt0167886/,Film,7.2,98,1963,"Drammatico, Horror",1323,11/29/1967,Brunello Rondi,1963,"VM18, Cut",Leggera,Moderata,Leggera,Nessuna,Moderata
tt0075376,Le deliranti avventure erotiche dell'agente speciale Margò,Up!,https://www.imdb.com/title/tt0075376/,Film,5.8,80,1976,"Commedia, Giallo, Thriller",3265,12/7/1983,Russ Meyer,1978,"VM18, VM14",Grave,Grave,Grave,Moderata,Moderata
tt0068688,Calore,Heat,https://www.imdb.com/title/tt0068688/,Film,6.1,102,1972,"Commedia, Drammatico, Sentimentale",1918,10/6/1972,Paul Morrissey,1975,"VM18, Cut",Grave,Leggera,Leggera,Leggera,Nessuna
tt0073017,Penitenziario femminile per reati sessuali,Frauengefängnis,https://www.imdb.com/title/tt0073017/,Film,4.4,90,1976,"Poliziesco, Drammatico, Horror, Thriller",1577,4/23/1976,Jesús Franco,1976,VM18,Grave,Moderata,Moderata,Moderata,Leggera
tt0069973,Le giornate intime di una giovane donna,Le journal intime d'une nymphomane,https://www.imdb.com/title/tt0069973/,Film,5.4,87,1973,"Poliziesco, Drammatico, Thriller",627,6/21/1973,Jesús Franco,1974,"VM18, Cut",Moderata,Moderata,Moderata,Leggera,Leggera
tt0023969,La guerra lampo dei Fratelli Marx,Duck Soup,https://www.imdb.com/title/tt0023969/,Film,7.7,69,1933,"Commedia, Musical",63515,11/17/1933,Leo McCarey,1933,Cut,Nessuna,Nessuna,Nessuna,Leggera,Nessuna
tt0015648,La corazzata Potemkin,Bronenosets Potyomkin,https://www.imdb.com/title/tt0015648/,Film,7.9,75,1925,"Drammatico, Storico, Thriller, Guerra",62362,4/7/1960,Sergei Eisenstein,1925,Cut,Nessuna,Moderata,Nessuna,Nessuna,Moderata
tt0094716,Belva di guerra,The Beast,https://www.imdb.com/title/tt0094716/,Film,7.3,111,1988,"Avventura, Drammatico, Guerra",10972,12/1/1988,Kevin Reynolds,1988,,Leggera,Grave,Moderata,Leggera,Moderata
tt0063707,Top Sensation,Top Sensation,https://www.imdb.com/title/tt0063707/,Film,5.5,86,1969,"Drammatico, Horror, Thriller",746,3/29/1969,Ottavio Alessi,1969,"VM18, Cut",Moderata,Moderata,,Leggera,Leggera
tt0122685,"Riti, magie nere e segrete orge nel trecento...","Riti, magie nere e segrete orge nel Trecento...",https://www.imdb.com/title/tt0122685/,Film,4.9,98,1973,Horror,1060,1/17/1973,Renato Polselli,1972,VM18,Moderata,Moderata,Leggera,Leggera,Moderata
tt0065488,Festa per il compleanno del caro amico Harold,The Boys in the Band,https://www.imdb.com/title/tt0065488/,Film,7.6,120,1970,Drammatico,6092,10/29/1970,William Friedkin,1970,"VM18, VM14",Leggera,Leggera,Grave,Leggera,Leggera
tt0463027,Extrema - Al limite della vendetta,Descent,https://www.imdb.com/title/tt0463027/,Film,4.7,104,2007,"Drammatico, Thriller",3317,3/4/2009,Talia Lugacy,2008,"Cut, VM18",Grave,Grave,Moderata,Leggera,Moderata
tt0070821,Schiave del piacere,Tout le monde il en a deux,https://www.imdb.com/title/tt0070821/,Film,4.6,77,1974,"Commedia, Drammatico",578,8/4/1974,Jean Rollin,1978,"VM18, Cut",Moderata,,,,
tt0070376,Il tango del materasso,Matratzen-Tango,https://www.imdb.com/title/tt0070376/,Film,5.9,88,1973,Commedia,34,9/7/1973,Eberhard Schröder,1973,VM18,,,,,
tt0073836,L'ultimo treno della notte,L'ultimo treno della notte,https://www.imdb.com/title/tt0073836/,Film,6.1,94,1975,"Horror, Thriller",3515,4/8/1975,Aldo Lado,1975,VM18,Grave,Grave,Moderata,Grave,Grave
tt0075936,Punk Story,Desperate Living,https://www.imdb.com/title/tt0108461/,Film,7.0,90,1977,"Commedia, Poliziesco, Fantastico, Horror",6016,3/7/1979,John Waters,1978,"VM18, Cut",Grave,Grave,Grave,Leggera,Grave
tt0070660,La seduzione,La seduzione,https://www.imdb.com/title/tt0070660/,Film,6.0,99,1973,"Poliziesco, Drammatico, Sentimentale",623,10/30/1973,Fernando Di Leo,1973,"VM18, Cut",Leggera,Nessuna,Leggera,Leggera,Nessuna
tt0066827,La bestia uccide a sangue freddo,La bestia uccide a sangue freddo,https://www.imdb.com/title/tt0066827/,Film,5.0,96,1971,"Horror, Giallo, Thriller",1918,8/2/1971,Fernando Di Leo,1971,"VM18, Cut",Grave,Moderata,Nessuna,Leggera,Leggera
tt0080419,Barnens ö,Barnens ö,https://www.imdb.com/title/tt0080419/,Film,6.4,109,1980,"Drammatico, Sentimentale",962,12/25/1980,Kay Pollak,1980,,Moderata,Leggera,Leggera,Leggera,Leggera
tt0052556,Gli amanti,Les amants,https://www.imdb.com/title/tt0052556/,Film,7.2,90,1958,"Drammatico, Sentimentale",6062,4/10/1959,Louis Malle,1959,"VM18, VM16, VM14",Leggera,Nessuna,Nessuna,Leggera,Leggera
tt0046451,Grisbi,Touchez pas au grisbi,https://www.imdb.com/title/tt0046451/,Film,7.7,96,1954,"Poliziesco, Drammatico",8764,10/1/1954,Jacques Becker,1954,"VM16, VM14",Leggera,Leggera,Moderata,Nessuna,Leggera
tt0064626,Le malizie di Venere,Le malizie di Venere,https://www.imdb.com/title/tt0064626/,Film,5.1,83,1969,Drammatico,720,11/26/1969,Massimo Dallamano,1972,"VM18, Cut, VM14",,,,,
tt0073869,"Vizi privati, pubbliche virtù","Vizi privati, pubbliche virtù",https://www.imdb.com/title/tt0073869/,Film,5.6,104,1976,"Drammatico, Storico",905,5/6/1976,Miklós Jancsó,1976,"VM18, Cut",Grave,Nessuna,Leggera,Leggera,Nessuna
tt0029850,Alessandro Nevsky,Aleksandr Nevskiy,https://www.imdb.com/title/tt0029850/,Film,7.5,112,1938,"Azione, Biografico, Drammatico, Storico, Guerra",12478,5/1/1960,"Sergei Eisenstein, Dmitriy Vasilev",1949,T,Leggera,Leggera,Nessuna,Nessuna,Leggera
tt0052811,Le jene di Edimburgo,The Flesh and the Fiends,https://www.imdb.com/title/tt0052811/,Film,6.9,94,1960,"Poliziesco, Drammatico, Thriller",2441,11/4/1960,John Gilling,1960,VM16,Leggera,Leggera,Nessuna,Moderata,Leggera
tt0022867,Estasi,Ekstase,https://www.imdb.com/title/tt0022867/,Film,6.6,82,1933,"Drammatico, Sentimentale",2848,1/20/1933,Gustav Machatý,1949,,Leggera,Leggera,Nessuna,Leggera,Leggera
tt0073398,La moglie vergine,La moglie vergine,https://www.imdb.com/title/tt0073398/,Film,5.1,100,1975,Commedia,408,12/20/1975,Marino Girolami,1975,"VM18, VM14",Leggera,,,,
tt0080450,Blow Job - Dolce lingua,Blow Job,https://www.imdb.com/title/tt0080450/,Film,5.1,78,1980,"Drammatico, Horror, Giallo",191,5/17/1980,Alberto Cavallone,1980,VM18 ,,,,,
tt0054209,Private Property,Private Property,https://www.imdb.com/title/tt0054209/,Film,6.7,79,1960,"Poliziesco, Drammatico",1321,4/24/1960,Leslie Stevens,1961,,Grave,,,,
tt0059816,I piaceri della tortura,Tokugawa onna keibatsu-shi,https://www.imdb.com/title/tt0059816/,Film,6.1,96,1968,"Drammatico, Horror",735,10/1/1971,Teruo Ishii,1971,"VM18, Cut",Moderata,Moderata,Nessuna,Nessuna,Grave
tt0063185,L'assassinio di Sister George,The Killing of Sister George,https://www.imdb.com/title/tt0063185/,Film,7.0,138,1968,Drammatico,2611,11/3/1969,Robert Aldrich,1970,"VM18, T",Moderata,Leggera,Moderata,Leggera,Moderata
tt0021607,Una tragedia americana,An American Tragedy,https://www.imdb.com/title/tt0021607/,Film,6.4,96,1931,"Poliziesco, Drammatico, Sentimentale",980,8/22/1931,Josef von Sternberg,1940,T,,,,,
tt0063013,Nuda sotto la pelle,The Girl on a Motorcycle,https://www.imdb.com/title/tt0063013/,Film,5.3,91,1968,"Drammatico, Sentimentale",2724,5/22/1905,Jack Cardiff,1969,VM18,Leggera,Nessuna,Leggera,Leggera,Leggera
tt0036653,La follia di Barbablù,Bluebeard,https://www.imdb.com/title/tt0036653/,Film,5.9,72,1944,"Poliziesco, Horror, Thriller",2197,11/11/1944,Edgar G. Ulmer,1945,T,Nessuna,Leggera,Nessuna,Leggera,Nessuna
tt0054020,The Leech Woman,The Leech Woman,https://www.imdb.com/title/tt0054020/,Film,4.8,77,1960,"Horror, Sentimentale, Fantascienza",2333,5/1/1960,Edward Dein,1960,,Leggera,Nessuna,Nessuna,Nessuna,Nessuna
tt0058701,Una donna sposata,Une femme mariée: Suite de fragments d'un film tourné en 1964,https://www.imdb.com/title/tt0058701/,Film,7.1,95,1964,"Drammatico, Sentimentale",4469,5/27/1967,Jean-Luc Godard,1965,"VM18, T",Leggera,Nessuna,Nessuna,Leggera,Nessuna
tt0063751,L'urlo,L'urlo,https://www.imdb.com/title/tt0063751/,Film,5.0,93,1970,Commedia,572,6/14/1974,Tinto Brass,1969,VM18,Moderata,Leggera,Moderata,Leggera,Moderata
tt0081606,Ai cessi in tassì,Taxi zum Klo,https://www.imdb.com/title/tt0081606/,Film,6.5,98,1980,"Commedia, Drammatico, Sentimentale",1809,1/9/1981,Frank Ripploh,1983,VM18,Grave,Leggera,Moderata,Leggera,
tt0068296,Le pillole del farmacista,Die liebestollen Apothekerstöchter,https://www.imdb.com/title/tt0068296/,Film,4.5,75,1972,Commedia,231,5/27/1905,"Franz Antel, Michel Caputo",1974,VM18,,,,,
tt0069039,Oh! Calcutta! (1972),Oh! Calcutta!,https://www.imdb.com/title/tt0069039/,Film,5.0,123,1972,"Commedia, Musical",306,6/1/1972,"Guillaume Martin Aucoin, Jacques Levy",1973,VM18,,,,,
tt0127819,Amori segreti di Romeo e Giulietta,The Secret Sex Lives of Romeo and Juliet,https://www.imdb.com/title/tt0127819/,Film,4.5,96,1969,Commedia,304,3/1/1969,Peter Perry Jr.,1971,VM14,Moderata,Leggera,Leggera,Moderata,Nessuna
tt0066826,L'adultera,The Touch,https://www.imdb.com/title/tt0066826/,Film,6.3,115,1971,Drammatico,2278,11/26/1971,Ingmar Bergman,1971,"VM18, T",Moderata,Moderata,Moderata,Moderata,Moderata
tt0070957,La tenerezza del lupo,Die Zärtlichkeit der Wölfe,https://www.imdb.com/title/tt0070957/,Film,6.3,82,1973,"Biografico, Poliziesco, Drammatico, Horror, Thriller",1623,7/12/1973,Ulli Lommel,1981,VM14,,Grave,,,Grave
tt0123847,Braccio 9 - Violentate senza pietà!!!,Frauen für Zellenblock 9,https://www.imdb.com/title/tt0123847/,Film,4.3,75,1978,"Azione, Poliziesco, Drammatico, Horror",1074,3/17/1978,Jesús Franco,1980,,Moderata,Grave,Leggera,Leggera,Moderata
tt0065918,La contessa... e i suoi amanti,Josefine Mutzenbacher,https://www.imdb.com/title/tt0065918/,Film,5.6,89,1970,Commedia,297,8/21/1970,Kurt Nachmann,1970,,Leggera,Nessuna,Leggera,Leggera,Nessuna
tt0093558,Mondo New York,Mondo New York,https://www.imdb.com/title/tt0093558/,Film,5.9,83,1988,"Documentario, Commedia, Musica",275,9/21/1989,Harvey Keith,1989,"VM18, VM14",,,,,
tt0045034,Il piacere,Le plaisir,https://www.imdb.com/title/tt0045034/,Film,7.6,97,1952,"Commedia, Drammatico, Sentimentale",5475,10/16/1952,Max Ophüls,1952,VM16,Nessuna,Nessuna,Nessuna,Leggera,Leggera
tt0042906,La ronde: La giostra dell'amore,La ronde,https://www.imdb.com/title/tt0042906/,Film,7.5,93,1950,"Drammatico, Sentimentale",6080,1/16/1959,Max Ophüls,1954,VM16,Leggera,Nessuna,Nessuna,Leggera,Nessuna
tt0067040,Oltre l'Eden,L'Eden et après,https://www.imdb.com/title/tt0067040/,Film,6.4,93,1970,"Drammatico, Horror, Giallo",1424,4/20/1970,Alain Robbe-Grillet,1971,"VM18, VM14",Moderata,Moderata,Nessuna,Leggera,Moderata
tt0075375,Uomini si nasce poliziotti si muore,Uomini si nasce poliziotti si muore,https://www.imdb.com/title/tt0075375/,Film,6.5,96,1976,"Azione, Poliziesco, Drammatico, Thriller",1689,3/11/1976,Ruggero Deodato,1976,VM18 ,Leggera,Moderata,Moderata,Leggera,Grave
tt0067580,Pink Narcissus,Pink Narcissus,https://www.imdb.com/title/tt0067580/,Film,6.6,65,1971,"Drammatico, Fantastico",1719,10/16/1974,James Bidgood,1980,,Grave,Leggera,Grave,Moderata,
tt0026252,Riccioli d'oro,Curly Top,https://www.imdb.com/title/tt0026252/,Film,6.8,75,1935,"Per famiglie, Musical, Sentimentale",2140,7/26/1935,Irving Cummings,,,,,,,
tt0057532,Una storia moderna - L'ape regina,Una storia moderna - L'ape regina,https://www.imdb.com/title/tt0057532/,Film,7.0,90,1963,"Commedia, Drammatico",840,4/24/1963,Marco Ferreri,1963,"VM18, VM14",,,,,
tt0073390,La cuginetta inglese,Les mille et une perversions de Felicia,https://www.imdb.com/title/tt0073390/,Film,5.7,96,1975,"Per adulti, Drammatico",328,5/30/1905,Max Pécas,1976,VM18,Grave,,,,
tt0041634,Manon,Manon,https://www.imdb.com/title/tt0041634/,Film,6.8,100,1949,"Poliziesco, Drammatico",1222,3/15/1950,Henri-Georges Clouzot,1949,VM16,Leggera,Leggera,Nessuna,Leggera,Leggera
tt0062414,Ulysses,Ulysses,https://www.imdb.com/title/tt0062414/,Film,6.4,132,1967,Drammatico,1004,6/1/1967,Joseph Strick,1968,,,,,,
tt0067283,Justine de Sade,Justine de Sade,https://www.imdb.com/title/tt0067283/,Film,5.0,100,1972,"Drammatico, Horror",475,5/19/1972,Claude Pierson,1972,,Moderata,Leggera,,,
tt0081296,La padrona è servita,La padrona è servita,https://www.imdb.com/title/tt0081296/,Film,4.8,105,1976,"Commedia, Drammatico, Sentimentale",121,3/13/1976,Mario Lanfranchi,1975,"VM18, Cut",,,,,
tt0066102,Dai... muoviti,Move,https://www.imdb.com/title/tt0066102/,Film,5.1,90,1970,"Commedia, Fantastico",210,11/27/1970,Stuart Rosenberg,1970,VM18,,,,,
tt0073815,Il sapore della paura,La traque,https://www.imdb.com/title/tt0073815/,Film,7.2,97,1975,"Drammatico, Thriller",756,5/14/1975,Serge Leroy,1975,VM18,Moderata,Moderata,Moderata,Leggera,
tt0058285,La regina del Rio delle Amazzoni,Lana - Königin der Amazonen,https://www.imdb.com/title/tt0058285/,Film,4.1,79,1964,"Azione, Avventura, Sentimentale",138,11/27/1964,Géza von Cziffra,1965,VM18,Leggera,,,,
tt0067681,Quando il sole scotta,La route de Salina,https://www.imdb.com/title/tt0067681/,Film,6.7,96,1970,Drammatico,1040,11/17/1970,Georges Lautner,1970,VM18,Leggera,,,Leggera ,
tt0064532,Kama Sutra,Kamasutra - Vollendung der Liebe,https://www.imdb.com/title/tt0064532/,Film,4.3,90,1969,Drammatico,136,6/5/1969,Kobi Jaeger,1970,\,,,,,
tt1883269,Morituris,Morituris,https://www.imdb.com/title/tt1883269/,Film,4.2,83,2011,Horror,595,6/3/2011,Raffaele Picchio,2012,,Moderata,Grave,Grave,Grave,Grave
tt0132726,Below the Belt,Below the Belt,https://www.imdb.com/title/tt0132726/,Film,3.8,89,1971,"Commedia, Azione, Poliziesco, Sentimentale",258,12/1/1971,Bethel Buckalew,1981,,Moderata,Grave,,Leggera,
tt0064618,Mia nipote la vergine,Madame und ihre Nichte,https://www.imdb.com/title/tt0064618/,Film,5.0,87,1969,Drammatico,106,5/9/1969,Eberhard Schröder,1970,VM18,,,,,
tt0058409,Le professioniste,Nikutai no mon,https://www.imdb.com/title/tt0058409/,Film,7.2,90,1964,Drammatico,3464,6/13/1968,Seijun Suzuki,1967,"VM18, Cut",Moderata,Leggera,Leggera,Moderata,Leggera
tt0091454,Lussuria,Lussuria,https://www.imdb.com/title/tt0091454/,Film,4.4,83,1986,Drammatico,217,4/17/1986,Joe D'Amato,1986,VM18,Moderata,,,,
tt0158940,Manhattan Prostitution,Sex Wish,https://www.imdb.com/title/tt0158940/,Film,5.1,80,1976,"Per adulti, Horror, Thriller",173,9/18/1980,Victor Milt,1983,,,,,,
tt0065380,Il mondo di Alex,Alex in Wonderland,https://www.imdb.com/title/tt0065380/,Film,5.4,110,1970,"Commedia, Drammatico",1016,2/1/1971,Paul Mazursky,1971,VM18,Leggera,,,,
tt0083155,Le viziose,L'éventreur de Notre-Dame,https://www.imdb.com/title/tt0083155/,Film,4.7,78,1975,Horror,972,8/20/1975,Jesús Franco,1975,VM18,Grave,Grave,Moderata,Leggera,
tt0073712,Simona,Simona,https://www.imdb.com/title/tt0073712/,Film,3.9,91,1974,Drammatico,184,2/22/1974,Patrick Longchamps,1973,"VM18, Cut",Moderata,Moderata,,,
tt0131515,Oscenità,Quando l'amore è oscenità,https://www.imdb.com/title/tt0131515/,Film,4.4,84,1980,"Per adulti, Drammatico",227,2/14/1980,Renato Polselli,1980,VM18,,,,,
tt0039306,Tormento,Dear Murderer,https://www.imdb.com/title/tt0039306/,Film,6.9,90,1947,"Poliziesco, Drammatico, Noir",1158,4/1/1948,Arthur Crabtree,1947,,,Leggera,,Leggera,Leggera
tt0166788,Satyricon,Satyricon,https://www.imdb.com/title/tt0166788/,Film,6.2,120,1969,"Commedia, Drammatico",262,3/27/1969,Gian Luigi Polidoro,1969,VM18,,,,,
tt0071834,Nella profonda luce dei sensi,La messe dorée,https://www.imdb.com/title/tt0071834/,Film,4.8,81,1975,Drammatico,71,4/22/1975,Beni Montresor,1974,VM18,,,,,
tt0064550,Alle dame del castello piace molto fare quello...,Komm liebe Maid und mache...,https://www.imdb.com/title/tt0064550/,Film,4.6,90,1969,Commedia,142,6/12/1972,Giuseppe Zaccariello,1970,VM18,,,,,
tt0040674,L'ultima tappa,Ostatni etap,https://www.imdb.com/title/tt0040674/,Film,7.2,105,1948,"Drammatico, Storico, Guerra",801,3/28/1948,Wanda Jakubowska,1951,"T, Cut",,,,,
tt0127862,SexWorld,SexWorld,https://www.imdb.com/title/tt0127862/,Film,6.1,85,1978,"Per adulti, Fantascienza",632,7/1/1978,Anthony Spinelli,1978,VM18,Grave,,,,
tt0314558,I piloti del sesso,Le rallye des joyeuses,https://www.imdb.com/title/tt0314558/,Film,4.3,80,1974,Commedia,45,9/4/1976,Alain Nauroy,1975,VM18,,,,,
tt0063511,La rivoluzione sessuale,La rivoluzione sessuale,https://www.imdb.com/title/tt0063511/,Film,5.1,92,1968,Drammatico,77,11/21/1968,Riccardo Ghione,1968,VM18,,,,,
tt0055923,La donna nel mondo,La donna nel mondo,https://www.imdb.com/title/tt0055923/,Film,5.5,110,1963,Documentario,407,1/30/1963,"Paolo Cavara, Gualtiero Jacopetti, Franco Prosperi",1962,VM18,Leggera,,,,
tt0057810,490 più 1 = 491,491,https://www.imdb.com/title/tt0057810/,Film,5.8,110,1964,"Poliziesco, Drammatico",439,6/4/1968,Vilgot Sjöman,1965,VM18,Moderata,Moderata,Moderata,Grave,Moderata
tt0057942,Chi lavora è perduto (in capo al mondo),Chi lavora è perduto (In capo al mondo),https://www.imdb.com/title/tt0057942/,Film,6.1,81,1963,Drammatico,229,8/25/1963,Tinto Brass,1963,VM18,Leggera,,,,
tt0253485,Quando l'amore non è perversione,Pleasure Palace,https://www.imdb.com/title/tt0253485/,Film,4.8,91,1973,Drammatico,61,4/14/1976,Ed Hunt,1975,VM18,,,,,
tt0041727,La caduta di Berlino,Padenie Berlina,https://www.imdb.com/title/tt0041727/,Film,5.6,167,1950,"Drammatico, Guerra",563,1/21/1950,Mikheil Chiaureli,1950,,,,,,
tt0062680,L'ago sotto la pelle,Der Arzt von St. Pauli,https://www.imdb.com/title/tt0062680/,Film,6.5,101,1968,"Poliziesco, Drammatico",111,9/20/1968,Rolf Olsen,1968,VM18,,,,,
tt0040603,Mom and Dad,Mom and Dad,https://www.imdb.com/title/tt0040603/,Film,5.2,97,1945,Drammatico,268,4/4/1949,William Beaudine,1955,,Leggera,,,,
tt0063809,La ballata del piacere,The Wild Wild World of Jayne Mansfield,https://www.imdb.com/title/tt0063809/,Film,4.9,99,1968,"Documentario, Biografico, Commedia",367,7/1/1969,"Charles W. Broun Jr., Joel Holt, Arthur Knight",1968,VM18,,,,,
tt0061358,La bestia erotica,The Animal,https://www.imdb.com/title/tt0061358/,Film,6.9,88,1968,Thriller,89,10/22/1968,Lee Frost,1968,,Moderata,,,Moderata,Leggera
tt0125141,High Rise,High Rise,https://www.imdb.com/title/tt0125141/,Film,6.8,65,1973,"Per adulti, Commedia",71,7/23/1973,Danny Steinmann,1977,,,,,,
tt0256946,"Mulher, Mulher","Mulher, Mulher",https://www.imdb.com/title/tt0256946/,Film,6.2,100,1979,"Drammatico, Horror",86,,Jean Garret,1982,,,,,,
tt0044453,Il bruto,El bruto,https://www.imdb.com/title/tt0044453/,Film,7.2,81,1953,Drammatico,2298,6/30/1956,Luis Buñuel,1955,VM16,,,,,
tt0141746,Il saprofita,Il saprofita,https://www.imdb.com/title/tt0141746/,Film,5.8,100,1974,"Drammatico, Sentimentale",126,10/28/1974,Sergio Nasca,1974,VM18,,,,,
tt0052610,The Beat Generation,The Beat Generation,https://www.imdb.com/title/tt0052610/,Film,5.5,95,1959,"Poliziesco, Drammatico, Thriller",405,7/3/1959,Charles F. Haas,1959,,Leggera,Leggera,Leggera,Leggera,Leggera
tt0179871,Ingrid sulla strada,Ingrid sulla strada,https://www.imdb.com/title/tt0179871/,Film,5.5,97,1973,"Poliziesco, Drammatico",112,10/1/1973,Brunello Rondi,1973,VM18,,,,,
tt0170432,La portiera nuda,La portiera nuda,https://www.imdb.com/title/tt0170432/,Film,4.5,88,1976,Commedia,70,3/11/1976,Luigi Cozzi,1976,VM18,,,,,
tt0038161,They Were Sisters,They Were Sisters,https://www.imdb.com/title/tt0038161/,Film,6.8,115,1945,Drammatico,349,7/2/1945,Arthur Crabtree,1950,,,,,Leggera,Leggera
tt0070891,Amore alla francese,Vous intéressez-vous à la chose?,https://www.imdb.com/title/tt0070891/,Film,5.2,80,1974,Commedia,68,4/24/1974,Jacques Baratier,1975,VM18,,,,,
tt0261985,Sexual Aberration (Sesso perverso),Sexual Aberration (Sesso perverso),https://www.imdb.com/title/tt0261985/,Film,4.8,93,1979,Avventura,165,3/20/1980,Bruno Mattei,1979,VM18,,,,,
tt0046455,La tratta delle bianche,La tratta delle bianche,https://www.imdb.com/title/tt0046455/,Film,6.4,97,1952,"Poliziesco, Drammatico",229,9/25/1952,Luigi Comencini,1952,VM16,,,,,
tt0160440,La stagione del sole,Kurutta kajitsu,https://www.imdb.com/title/tt0160440/,Film,7.2,86,1956,"Drammatico, Sentimentale",2302,10/16/1959,Kô Nakahira,1959,VM16,Leggera,Moderata,Leggera,Leggera,Moderata
tt0067405,Maskarada,Maskarada,https://www.imdb.com/title/tt0067405/,Film,5.9,86,1971,Drammatico,288,5/13/1971,Bostjan Hladnik,1971,,Grave,,,Moderata,
tt0128536,Sleepy Head,Sleepy Head,https://www.imdb.com/title/tt0128536/,Film,5.8,84,1973,"Per adulti, Drammatico",89,5/17/1976,Joseph W. Sarno,1974,,,,,,
tt0040647,No Orchids for Miss Blandish,No Orchids for Miss Blandish,https://www.imdb.com/title/tt0040647/,Film,6.0,102,1948,"Poliziesco, Drammatico, Noir, Thriller",782,4/15/1948,St. John Legh Clowes,1951,,,,,,
tt0147539,Lo stallone,Lo stallone,https://www.imdb.com/title/tt0147539/,Film,6.1,87,1975,Drammatico,32,11/26/1975,Tiziano Longo,1975,VM18,,,,,
tt0075464,Blue Movie Sexycompulsion,Échanges de partenaires,https://www.imdb.com/title/tt0075464/,Film,6.3,70,1976,"Per adulti, Sentimentale",67,10/20/1976,Claude Mulot,1979,VM18,,,,,
tt0038476,Il diavolo in corpo,Le diable au corps,https://www.imdb.com/title/tt0038476/,Film,7.0,110,1947,"Drammatico, Sentimentale",916,10/15/1948,Claude Autant-Lara,1959,VM16,,,,,
tt0029826,Lo strano signor Vittorio,L'étrange Monsieur Victor,https://www.imdb.com/title/tt0029826/,Film,7.2,103,1938,"Poliziesco, Drammatico",391,5/4/1938,Jean Grémillon,1940,,,,,,
tt0051663,Girls on the Loose,Girls on the Loose,https://www.imdb.com/title/tt0051663/,Film,5.7,78,1958,"Poliziesco, Drammatico, Noir, Thriller",217,4/1/1958,Paul Henreid,1958,,,,,,
tt0056665,La voglia matta,La voglia matta,https://www.imdb.com/title/tt0056665/,Film,6.8,110,1962,"Commedia, Drammatico, Sentimentale",564,3/16/1962,Luciano Salce,1962,"VM16, Cut",,,,,
tt0040682,I parenti terribili,Les parents terribles,https://www.imdb.com/title/tt0040682/,Film,6.9,105,1948,Drammatico,1019,12/1/1948,Jean Cocteau,1951,VM16 ,,,,,
tt0282396,Bring Me the Head of Charlie Brown,Bring Me the Head of Charlie Brown,https://www.imdb.com/title/tt0282396/,Corto,7.2,4,1986,"Animazione, Cortometraggio, Azione, Commedia",501,6/27/1986,Jim Reardon,1986,,Leggera,Moderata ,Leggera,Leggera ,Moderata
tt0063839,"Zieh dich aus, Puppe","Zieh dich aus, Puppe",https://www.imdb.com/title/tt0063839/,Film,5.5,86,1968,"Commedia, Drammatico",52,7/19/1968,Ákos Ráthonyi,1969,,,,,,
tt0104551,Il ritorno,Jesus vender tilbage,https://www.imdb.com/title/tt0104551/,Film,4.4,104,1992,"Azione, Commedia, Sentimentale",99,3/13/1992,Jens Jørgen Thorsen,1992,VM18,,,,,
tt0064516,Sì pura come un angelo... resterà vergine???,Josefine - Das liebestolle Kätzchen,https://www.imdb.com/title/tt0064516/,Film,4.6,67,1969,Commedia,91,8/15/1969,Géza von Cziffra,1973,"VM18, Cut",,,,,
tt0128361,Morbosità,Morbosità,https://www.imdb.com/title/tt0128361/,Film,5.4,90,1974,"Drammatico, Thriller",31,8/21/1974,Luigi Russo,1974,"VM18, Cut, VM14",,,,,
tt1082822,Ragazze a pagamento,Les demoiselles à péage,https://www.imdb.com/title/tt1082822/,Film,4.7,79,1975,"Drammatico, Thriller",12,5/31/1905,Richard Balducci,1978,"VM18, Cut ",,,,,
tt0069999,La dolcissima Dorothea,Dorothea's Rache,https://www.imdb.com/title/tt0069999/,Film,5.9,92,1974,"Commedia, Drammatico, Sentimentale",290,5/30/1905,Peter Fleischmann,1974,"VM18, Cut",,,,,
tt0065586,Un uomo da letto,Cream - Schwabing-Report,https://www.imdb.com/title/tt0065586/,Film,3.7,85,1971,"Commedia, Drammatico",59,8/27/1971,Leon Capetanos,1973,"VM18, Cut",,,,,
tt0045818,Girls in the Night,Girls in the Night,https://www.imdb.com/title/tt0045818/,Film,6.9,83,1953,"Poliziesco, Drammatico, Noir",111,6/5/1953,Jack Arnold,1953,,,,,,
tt0061139,Un mondo nuovo,Un monde nouveau,https://www.imdb.com/title/tt0061139/,Film,6.5,83,1966,Drammatico,141,9/15/1966,Vittorio De Sica,1966,"VM18, Cut",,,,,
tt0189814,I piaceri della notte (Giochi d'amore),Noite Vazia,https://www.imdb.com/title/tt0189814/,Film,7.6,93,1964,Drammatico,662,5/20/1905,Walter Hugo Khouri,1967,"VM18, Cut",,,,,
tt0270929,La porno infermiera,Entrechattes,https://www.imdb.com/title/tt0270929/,Film,6.1,65,1978,Per adulti,81,5/10/1978,Gérard Kikoïne,1979,"VM18, Cut",Grave,,,Moderata,
tt0029526,Scipione l'africano,Scipione l'africano,https://www.imdb.com/title/tt0029526/,Film,5.3,117,1937,"Drammatico, Storico, Guerra",328,8/4/1937,Carmine Gallone,1950,Cut,,,,,
tt0289443,I sette magnifici cornuti,I sette magnifici cornuti,https://www.imdb.com/title/tt0289443/,Film,5.0,94,1974,Commedia,28,,Luigi Russo,1974,"VM18, Cut",,,,,
tt0065365,Deviati sessuali,Abarten der körperlichen Liebe,https://www.imdb.com/title/tt0065365/,Film,4.8,97,1970,Drammatico,33,3/18/1974,Franz Marischka,1973,"VM18, Cut",,,,,
tt0166264,La mano lunga del padrino,La mano lunga del padrino,https://www.imdb.com/title/tt0166264/,Film,5.1,86,1972,"Azione, Poliziesco",128,8/11/1972,Nardo Bonomi,1972,"VM18, Cut, VM14",Moderata ,,,Leggera,
tt0166847,Gola profonda particolare,Tôkyô dîpu surôto fujin,https://www.imdb.com/title/tt0166847/,Film,6.4,77,1975,,56,12/6/1975,Kan Mukai,1980,,Grave,,,,
tt0065183,Vita segreta di una diciottenne,Vita segreta di una diciottenne,https://www.imdb.com/title/tt0065183/,Film,6.7,85,1969,Drammatico,11,6/28/1969,Oscar Brazzi,1969,"VM18, Cut",,,,,
tt0026660,Cesare e Lucrezia Borgia,Lucrèce Borgia,https://www.imdb.com/title/tt0026660/,Film,6.1,93,1935,"Drammatico, Storico, Sentimentale",281,12/20/1935,Abel Gance,1946,Cut,,,,,
tt0036791,Enemy of Women,Enemy of Women,https://www.imdb.com/title/tt0036791/,Film,5.0,72,1944,"Drammatico, Guerra",185,11/10/1944,Alfred Zeisler,1947,,,,,,
tt0144232,Helga e gli uomini,Helga und die Männer - Die sexuelle Revolution,https://www.imdb.com/title/tt0144232/,Film,3.6,92,1969,Drammatico,22,4/24/1969,Roland Caemmerer,1969,,,,,,
tt0294658,Josephine Story,Josefine Mutzenbacher - Wie sie wirklich war: 1. Teil,https://www.imdb.com/title/tt0294658/,Film,7.7,94,1976,"Per adulti, Commedia",705,5/17/1976,Hans Billian,1980,,Grave,Nessuna,Leggera,Leggera,Nessuna
tt0032225,L'assedio dell'Alcazar,L'assedio dell'Alcazar,https://www.imdb.com/title/tt0032225/,Film,6.0,112,1940,"Drammatico, Guerra",242,8/20/1940,Augusto Genina,1940,Cut,Nessuna,Leggera,Nessuna,Leggera,Nessuna
tt0166371,Summit,Summit,https://www.imdb.com/title/tt0166371/,Film,5.8,100,1968,Drammatico,41,10/17/1968,Giorgio Bontempi,1968,"VM18, Cut",,,,,
tt0042729,Solo Dio può giudicare,Meurtres,https://www.imdb.com/title/tt0042729/,Film,6.7,120,1950,Drammatico,228,10/10/1950,Richard Pottier,1950,Cut,,,,,
tt0198572,Tous les chemins mènent à l'homme,Tous les chemins mènent à l'homme,https://www.imdb.com/title/tt0198572/,Film,3.3,79,1974,Commedia,16,7/17/1974,Jack Guy,1975,"VM18, Cut",,,,,
tt0204454,Will It Happen Again?,Will It Happen Again?,https://www.imdb.com/title/tt0204454/,Film,5.1,60,1948,Documentario,23,7/30/1948,Dwain Esper,1950,,,,,,
tt1577840,Les Queutardes,Les Queutardes,https://www.imdb.com/title/tt1577840/,Film,4.7,90,1977,Per adulti,29,8/24/1977,Dominique Goult,1977,,Grave,,,,
tt0143826,Eros e Thanatos,Raptus,https://www.imdb.com/title/tt0143826/,Film,5.3,78,1969,"Drammatico, Horror, Thriller",34,,Marino Girolami,1969,VM18,,,,,
tt0039790,La questione russa,Russkiy vopros,https://www.imdb.com/title/tt0039790/,Film,5.9,91,1948,Drammatico,116,3/8/1948,Mikhail Romm,1948,,,,,,
tt0145461,Il piacere è femmina,Das bumsfidele Heiratsbüro,https://www.imdb.com/title/tt0145461/,Film,3.3,89,1973,"Commedia, Drammatico",16,7/6/1973,Charles Ferrer,1977,"VM18, Cut",,,,,
tt0043701,Il cavaliere della stella d'oro,Kavalier zolotoy zvezdy,https://www.imdb.com/title/tt0043701/,Film,5.4,95,1951,Drammatico,66,7/9/1951,Yuli Raizman,1953,,,,,,
tt0057511,La smania addosso,La smania addosso,https://www.imdb.com/title/tt0057511/,Film,6.1,98,1963,"Commedia, Drammatico",51,2/20/1963,Marcello Andrei,1963,"VM18, Cut",,,,,
tt0073593,"Quant'è bella la Bernarda, tutta nera, tutta calda","Quant'è bella la Bernarda, tutta nera, tutta calda",https://www.imdb.com/title/tt0073593/,Film,4.6,92,1975,Commedia,22,12/31/1975,Lucio Dandolo,1973,"VM18, Cut",,,,,
tt0055244,Non uccidere,Tu ne tueras point,https://www.imdb.com/title/tt0055244/,Film,7.7,148,1961,"Drammatico, Guerra",79,4/21/1962,Claude Autant-Lara,1961,Cut,,,,,
tt0041640,La vergine scaltra,La Marie du Port,https://www.imdb.com/title/tt0041640/,Film,6.6,88,1950,"Poliziesco, Drammatico, Sentimentale",477,3/15/1950,Marcel Carné,1950,,,,,,
tt0034346,Uomini sul fondo,Uomini sul fondo,https://www.imdb.com/title/tt0034346/,Film,6.8,94,1941,Drammatico,102,2/13/1941,Francesco De Robertis,1941,,,,,,
tt0031017,Abuna Messias (Vendetta africana),Abuna Messias (Vendetta africana),https://www.imdb.com/title/tt0031017/,Film,6.6,93,1939,"Drammatico, Storico, Guerra",53,10/1/1939,Goffredo Alessandrini,1939,,,,,,
tt0136096,Dynamite,Dynamite,https://www.imdb.com/title/tt0136096/,Film,6.3,73,1972,"Per adulti, Commedia",27,4/9/1981,"John Amero, Lem Amero",1981,,,,,,
tt0071982,"Paradiso, la pensione del libero amore",La pension du libre amour,https://www.imdb.com/title/tt0071982/,Film,4.4,80,1974,"Commedia, Sentimentale",29,5/8/1974,Eddy Matalon,1978,VM18,,,,,
tt0063029,Il grande cerimoniale,Le grand cérémonial,https://www.imdb.com/title/tt0063029/,Film,5.4,105,1969,Drammatico,29,4/16/1969,Pierre-Alain Jolivet,1969,VM18,,,,,
tt0135664,Série noire,Série noire,https://www.imdb.com/title/tt0135664/,Film,6.5,88,1955,"Poliziesco, Drammatico",59,3/4/1955,Pierre Foucaud,1955,VM18,,,,,
tt0060948,Mercato nero dell'amore,Schwarzer Markt der Liebe,https://www.imdb.com/title/tt0060948/,Film,7.1,80,1966,,36,11/1/1969,Ernst Hofbauer,1969,VM18,,,,,
tt0144278,Liebesschule blutjunger Mädchen,Liebesschule blutjunger Mädchen,https://www.imdb.com/title/tt0144278/,Film,5.8,82,1973,Commedia,18,3/15/1973,Gustav Ehmck,1976,"VM18, Cut",,,,,
tt0037426,La grande svolta,Velikiy perelom,https://www.imdb.com/title/tt0037426/,Film,6.0,108,1945,"Drammatico, Guerra",254,1/29/1945,Fridrikh Ermler,1953,VM18,,,,Leggera,
tt0041402,Gatan,Gatan,https://www.imdb.com/title/tt0041402/,Film,5.5,87,1949,Drammatico,59,2/28/1949,Gösta Werner,1951,,,,,,
tt0068678,La ragazza di notte,Harlis,https://www.imdb.com/title/tt0068678/,Film,5.9,105,1972,"Commedia, Drammatico, Sentimentale",122,3/1/1973,Robert van Ackeren,1975,VM18 ,,,,,
tt0033941,La nave bianca,La nave bianca,https://www.imdb.com/title/tt0033941/,Film,5.7,77,1941,"Drammatico, Guerra",312,10/3/1941,Roberto Rossellini,1948,,,,,,
tt0196766,Morning After...,Morning After...,https://www.imdb.com/title/tt0196766/,Film,4.2,76,1972,"Per adulti, Poliziesco, Drammatico, Giallo",24,7/19/1975,Sidney Knight,1974,,,,,,
tt0035191,Un pilota ritorna,Un pilota ritorna,https://www.imdb.com/title/tt0035191/,Film,5.6,87,1942,"Drammatico, Guerra",306,4/8/1942,Roberto Rossellini,2000,"VM16, Cut",,,,,
tt0198914,Playgirl 70,Playgirl 70,https://www.imdb.com/title/tt0198914/,Film,7.0,90,1969,Commedia,18,11/27/1969,Federico Chentrens,1969,"VM18, Cut",,,,,
tt0171966,Italiani! È severamente proibito servirsi della toilette durante le fermate,Italiani! È severamente proibito servirsi della toilette durante le fermate,https://www.imdb.com/title/tt0171966/,Film,6.4,98,1969,Commedia,18,7/31/1969,Vittorio Sindoni,1969,VM14,,,,,
tt0135995,La casa delle demi-vierges,Donnerwetter! Donnerwetter! Bonifatius Kiesewetter,https://www.imdb.com/title/tt0135995/,Film,7.3,90,1969,Commedia,31,2/28/1970,Helmut Weiss,1969,VM18 ,,,,,
tt0144646,Totò che visse due volte,Totò che visse due volte,https://www.imdb.com/title/tt0144646/,Film,6.9,93,1998,"Commedia, Drammatico",591,3/20/1998,"Daniele Ciprì, Franco Maresco",1998,VM18,,,,,
tt0195906,Il nido dell'uccello,The Master and Ms. Johnson,https://www.imdb.com/title/tt0195906/,Film,4.8,67,1981,Per adulti,15,6/5/1905,Ted Roter,1981,VM18,,,,,
tt0064524,Mademoiselle de Sade e i suoi vizi,Juliette de Sade,https://www.imdb.com/title/tt0064524/,Film,5.5,83,1969,Drammatico,24,7/8/1971,Warren Kiefer,1971,VM18,,,,,
tt0055346,Le quatrième sexe,Le quatrième sexe,https://www.imdb.com/title/tt0055346/,Film,5.0,82,1963,Drammatico,27,8/1/1963,"Alphonse Gimeno, Michel Wichard",1963,,,,,,
tt0059428,Marcia nuziale,Marcia nuziale,https://www.imdb.com/title/tt0059428/,Film,6.7,83,1966,Commedia,252,2/17/1966,Marco Ferreri,1981,"VM14, Cut",,,,,
tt0064559,Kvinnolek,Kvinnolek,https://www.imdb.com/title/tt0064559/,Film,5.6,87,1968,Drammatico,49,9/28/1968,Joseph W. Sarno,1969,,,,,,
tt0040859,Un palmo di terra,Talpalatnyi föld,https://www.imdb.com/title/tt0040859/,Film,7.4,97,1948,Drammatico,165,12/23/1948,Frigyes Bán,1952,,,,,,
tt0057596,Totòsexy,Totosexy,https://www.imdb.com/title/tt0057596/,Film,4.6,90,1963,"Commedia, Musical",118,9/5/1963,Mario Amendola,1993,"VM18, Cut",,,,,
tt0197790,Questo sporco mondo meraviglioso,Questo sporco mondo meraviglioso,https://www.imdb.com/title/tt0197790/,Film,4.8,90,1971,Documentario,20,4/21/1971,"Mino Loy, Luigi Scattini",1971,"VM18, Cut",,,,,
tt0040236,Clochemerle,Clochemerle,https://www.imdb.com/title/tt0040236/,Film,7.4,90,1948,Commedia,92,6/9/1948,Pierre Chenal,1950,,,,,,
tt0036483,L'uomo dalla croce,L'uomo dalla croce,https://www.imdb.com/title/tt0036483/,Film,5.3,72,1943,Guerra,296,2/3/1943,Roberto Rossellini,1952,VM18,,,,,
tt0024485,Ragazzo,Ragazzo,https://www.imdb.com/title/tt0024485/,Film,,,1934,,0,4/17/1905,Ivo Perilli,1934,,,,,,
tt0067218,Hot Circuit,Hot Circuit,https://www.imdb.com/title/tt0067218/,Film,5.2,83,1971,Per adulti,36,3/12/1973,"Paul Glickler, Richard Lerner",1974,,,,,,
tt0371787,Latuko,Latuko,https://www.imdb.com/title/tt0371787/,Film,,56,1952,Documentario,0,1/18/1952,Edgar M. Queeny,1953,VM18,,,,,
tt0126860,The Debauchers,The Debauchers,https://www.imdb.com/title/tt0126860/,Film,5.6,76,1970,"Per adulti, Drammatico, Thriller",36,3/18/1974,Sidney Knight,1974,,,,,,
tt0198826,Le ragazze blue porno,Die neuen Abenteuer des Sanitätsgefreiten Neumann,https://www.imdb.com/title/tt0198826/,Film,4.9,65,1978,"Commedia, Per adulti",30,10/16/1980,Jürgen Enz,1980,"VM1, Cut",,,,,
tt0197206,A mosca cieca,A mosca cieca,https://www.imdb.com/title/tt0197206/,Film,6.3,66,1966,Drammatico,60,6/2/1966,Romano Scavolini,1967,,,,,,
tt0041934,Superstizione,Superstizione,https://www.imdb.com/title/tt0041934/,Corto,6.1,9,1948,"Documentario, Cortometraggio",208,11/1/1948,Michelangelo Antonioni,1950,Cut,,,,,
tt0778836,A Seita do Sexo Profano,A Seita do Sexo Profano,https://www.imdb.com/title/tt0778836/,Film,4.6,75,1985,Per adulti,9,6/7/1905,Fauzi Mansur,1987,,,,,,
tt0064414,Bellissima superdotata cercasi... per pose particolari,Helgalein,https://www.imdb.com/title/tt0064414/,Film,5.1,93,1969,,16,9/11/1969,Herbert Ballmann,1974,"VM18, Cut",,,,,
tt0257159,Sexual Customs in Scandinavia,Sexual Customs in Scandinavia,https://www.imdb.com/title/tt0257159/,Film,4.6,77,1972,Per adulti,15,2/11/1972,Sidney Knight,1974,,,,,,
tt0268269,Gole ingorde di 4 pornoereditiere,Doubles pénétrations,https://www.imdb.com/title/tt0268269/,Film,4.7,85,1977,Per adulti,21,8/10/1977,Michel Caputo,1981,,,,,,
tt0048739,Totò e Carolina,Totò e Carolina,https://www.imdb.com/title/tt0048739/,Film,7.0,84,1954,Commedia,332,1954,Mario Monicelli,1954,Cut,,,,,
tt0212551,Teresa altri desideri,Teresa altri desideri,https://www.imdb.com/title/tt0212551/,Film,5.3,127,1984,"Per adulti, Poliziesco, Giallo, Thriller",14,6/6/1905,"Bruno Vani, Renato Polselli",1983,,,,,,
tt0066778,Un apprezzato professionista di sicuro avvenire,Un apprezzato professionista di sicuro avvenire,https://www.imdb.com/title/tt0066778/,Film,5.5,98,1972,Drammatico,35,4/25/1972,Giuseppe De Santis,1972,"VM18, VM14, Cut",,,,,
tt0151718,L'amore di Nathalie,Nathalie après l'amour,https://www.imdb.com/title/tt0151718/,Film,,85,1970,Drammatico,0,3/3/1971,Boris Szulzinger,1970,"VM18, Cut",,,,,
tt2214747,...E il terzo gode,...E il terzo gode,https://www.imdb.com/title/tt2214747/,Film,4.3,75,1984,"Per adulti, Poliziesco",16,6/6/1905,Alberto Cavallone,1983,,,,,,
tt0042785,La Cina libera,Osvobozhdyonnyy Kitay,https://www.imdb.com/title/tt0042785/,Film,6.7,105,1951,Documentario,23,5/4/1905,"Sergey Gerasimov, Eduard Volk",1953,,,,,,
tt0198340,Profumo di vergine,Vromiki parthena,https://www.imdb.com/title/tt0198340/,Film,4.8,93,1975,Poliziesco,20,8/29/1975,Kostas Andritsos,1976,VM18,Moderata,Moderata,Leggera,Moderata,Moderata
tt0200447,Lollipop!,Asfalto Selvagem,https://www.imdb.com/title/tt0200447/,Film,6.4,89,1964,Drammatico,17,1968,J.B. Tanko,1968,VM18,,,,,
tt0069154,I racconti romani di una ex novizia,I racconti romani di una ex novizia,https://www.imdb.com/title/tt0069154/,Film,5.0,86,1973,"Drammatico, Storico",14,9/21/1973,Pino Tosini,1973,"VM18, Cut",,,,,
tt0032865,Oltre l'amore,Oltre l'amore,https://www.imdb.com/title/tt0032865/,Film,3.6,96,1940,Drammatico,12,9/2/1940,Carmine Gallone,1945,Cut,,,,,
tt0050640,"Liebe, wie die Frau sie wünscht","Liebe, wie die Frau sie wünscht",https://www.imdb.com/title/tt0050640/,Film,,93,1957,Drammatico,0,6/7/1957,Wolfgang Becker,1958,,,,,,
tt3532682,Guy Yells at Some Cats,Guy Yells at Some Cats,https://www.imdb.com/title/tt3532682/,Corto,,,2014,"Cortometraggio, Commedia",0,2/13/2014,J.R. Howell,2014,,Moderata,Moderata,Grave,Nessuna,Grave
tt0140074,Gibier de potence,Gibier de potence,https://www.imdb.com/title/tt0140074/,Film,6.5,106,1951,Drammatico,79,11/8/1951,Roger Richebé,1952,,,,,,
tt0178414,The Erotic Memoirs of a Male Chauvinist Pig,The Erotic Memoirs of a Male Chauvinist Pig,https://www.imdb.com/title/tt0178414/,Film,5.3,69,1973,"Per adulti, Commedia",13,1/7/1976,"John Butterworth, R.C. Horsch",1974,,,,,,
tt0077910,El maravilloso mundo del sexo,El maravilloso mundo del sexo,https://www.imdb.com/title/tt0077910/,Film,5.2,,1978,Commedia,19,10/9/1978,"Mariano V. García, Gil Carretero",1980,,,,,,
tt0042731,Varsavia città indomita,Robinson warszawski,https://www.imdb.com/title/tt0042731/,Film,5.0,86,1950,"Drammatico, Guerra",48,12/7/1950,Jerzy Zarzycki,1954,,,,,,
tt0041646,Maya,Maya,https://www.imdb.com/title/tt0041646/,Film,6.6,78,1949,Drammatico,83,12/9/1949,Raymond Bernard,1950,,,,,,
tt0034481,Avanti c'è posto...,Avanti c'è posto...,https://www.imdb.com/title/tt0034481/,Film,6.7,82,1942,"Commedia, Sentimentale",102,4/30/1942,Mario Bonnard,1942,Cut,,,,,
tt0778601,"AIDS, Furor do Sexo Explícito","AIDS, Furor do Sexo Explícito",https://www.imdb.com/title/tt0778601/,Film,3.1,80,1985,"Per adulti, Drammatico",21,1985,Fauzi Mansur,1988,,,,,,
tt0144128,Il carabiniere a cavallo,Il carabiniere a cavallo,https://www.imdb.com/title/tt0144128/,Film,6.3,84,1961,Commedia,100,8/31/1961,Carlo Lizzani,1961,Cut,,,,,
tt1123998,Un affare tranquillo,Un commerce tranquille,https://www.imdb.com/title/tt1123998/,Film,,120,1964,"Commedia, Drammatico",0,4/2/1967,"Guido Franco, Mel Welles",1967,,,,,,
tt0160950,Tahiti ou la joie de vivre,Tahiti ou la joie de vivre,https://www.imdb.com/title/tt0160950/,Film,,90,1957,Commedia,0,5/17/1957,Bernard Borderie,1958,,,,,,
tt0183430,Luce rossa,Luce rossa,https://www.imdb.com/title/tt0183430/,Film,,71,1980,Per adulti,0,8/13/1981,Angelo Pannacciò,1980,,,,,,
tt0144806,La toilette racconta,Das bumsfidele Häuschen,https://www.imdb.com/title/tt0144806/,Film,5.1,84,1971,Commedia,12,12/3/1971,Marijan Vajda,1975,,,,,,
tt0124300,Brevet fra afdøde,Brevet fra afdøde,https://www.imdb.com/title/tt0124300/,Film,6.4,78,1946,"Poliziesco, Drammatico, Guerra",25,10/28/1946,Johan Jacobsen,1949,,,,,,
tt0202545,Il rapporto,Il rapporto,https://www.imdb.com/title/tt0202545/,Film,,,1969,,0,1969,Lionello Massobrio,1970,,,,,,
tt0212500,Prostitution - Amori pericolosi,Seitenstrassen der Prostitution,https://www.imdb.com/title/tt0212500/,Film,,74,1967,Poliziesco,0,9/1/1967,Gerhard Ammann,1969,,,,,,
tt0063245,Love in Our Time,Love in Our Time,https://www.imdb.com/title/tt0063245/,Film,,87,1968,,0,11/24/1968,Elkan Allan,1970,,,,,,
tt0034444,Alfa Tau!,Alfa Tau!,https://www.imdb.com/title/tt0034444/,Film,7.2,80,1942,"Drammatico, Guerra",73,8/31/1942,Francesco De Robertis,1945,Cut,,,,,
tt0040439,Valzer celeste,Der himmlische Walzer,https://www.imdb.com/title/tt0040439/,Film,6.5,90,1948,"Commedia, Musica",17,6/1/1952,Géza von Cziffra,1951,T,,,,,
tt0336187,Comacchio piange,Comacchio piange,https://www.imdb.com/title/tt0336187/,Film,,,1951,Documentario,0,1951,Fabio Pittorru,1952,,,,,,
tt0396813,La vittoria del popolo cinese,Pobeda kitayskogo naroda,https://www.imdb.com/title/tt0396813/,Film,7.2,98,1950,"Documentario, Storico, Guerra",17,1953,"Ivan Lukinsky, Leonid Varlamov",1953,,,,,,
tt13449612,The Nightmare Returns: A CarrotKiller101 Movie,The Nightmare Returns: A CarrotKiller101 Movie,https://www.imdb.com/title/tt13449612/,Film,7.6,99,2020,"Animazione, Horror",11,11/11/2020,Alex Parrish,2020,,Leggera,Grave,Grave,Moderata,Grave
tt0383480,Luciano - Via dei Cappellari,Luciano - Via dei Cappellari,https://www.imdb.com/title/tt0383480/,Corto,,,1960,"Documentario, Cortometraggio",0,1960,Gian Vittorio Baldi,1961,,,,,,
tt8615192,Sexualation,Nude Astrop,https://www.imdb.com/title/tt8615192/,Film,,78,1968,"Poliziesco, Drammatico",0,11/1/1968,Edward G. Collins,1968,VM18,,,,,
tt0064484,L'indiscret,L'indiscret,https://www.imdb.com/title/tt0064484/,Film,,90,1969,,0,9/16/1974,François Reichenbach,1969,,,,,,
tt1483743,Autant en emporte l'histoire - La vie privée d'Hitler et d'Eva Braun,Autant en emporte l'histoire - La vie privée d'Hitler et d'Eva Braun,https://www.imdb.com/title/tt1483743/,Film,,75,1949,"Documentario, Storico",0,1/6/1950,Jacques Willemetz,1950,,,,,,
tt0183739,"San Miniato, luglio '44","San Miniato, luglio '44",https://www.imdb.com/title/tt0183739/,Corto,,,1954,"Cortometraggio, Drammatico",0,1954,"Paolo Taviani, Vittorio Taviani",1955,,,,,,
tt0035472,I trecento della Settima,I trecento della Settima,https://www.imdb.com/title/tt0035472/,Film,5.8,84,1943,,7,4/21/1943,Mario Baffico,1950,Cut,,,,,
tt0040146,Bagarres,Bagarres,https://www.imdb.com/title/tt0040146/,Film,5.5,95,1948,Drammatico,33,11/5/1948,Henri Calef,1954,,,,,,
tt0073006,Foreplay,Foreplay,https://www.imdb.com/title/tt0073006/,Film,3.9,75,1975,Commedia,179,3/1/1975,"John G. Avildsen, Bruce Malmuth, Robert McCarty, Ralph Rosenblum",1976,VM18,,,,,
tt0038327,Il bandito,Il bandito,https://www.imdb.com/title/tt0038327/,Film,6.8,83,1946,"Poliziesco, Drammatico",505,5/19/1947,Alberto Lattuada,1946,VM16,,,,,
tt0054248,Rocco e i suoi fratelli,Rocco e i suoi fratelli,https://www.imdb.com/title/tt0054248/,Film,8.2,179,1960,"Poliziesco, Drammatico, Sportivo",22135,3/10/1961,Luchino Visconti,1960,"VM16, VM18, VM14",Leggera,Leggera,Leggera,Leggera,Moderata
tt0053619,L'avventura,L'avventura,https://www.imdb.com/title/tt0053619/,Film,7.7,144,1960,"Drammatico, Giallo, Sentimentale",33296,9/29/1960,Michelangelo Antonioni,1960,"VM16, VM14",Leggera,Nessuna,Nessuna,Leggera,Nessuna
tt0053779,La dolce vita,La dolce vita,https://www.imdb.com/title/tt0053779/,Film,8.0,174,1960,"Commedia, Drammatico",79696,02/04/1960,Federico Fellini,1960,"VM16, VM14, Cut",Leggera,Leggera,Leggera,Leggera,Nessuna
tt0054215,Psyco,Psycho,https://www.imdb.com/title/tt0054215/,Film,8.5,109,1960,"Horror, Giallo, Thriller",735328,28/10/1960,Alfred Hitchcock,1960,VM16,Leggera,Moderata,Nessuna,Nessuna,Leggera
tt0056869,Gli uccelli,The Birds,https://www.imdb.com/title/tt0056869/,Film,7.6,119,1963,"Drammatico, Horror, Giallo, Sentimentale",209562,31/10/1963,Alfred Hitchcock,1963,VM14,Nessuna,Moderata,Nessuna,Leggera,Moderata